{"cameraMode":{"drawMode":0,"name":"Shaded","section":"Shading Mode"},"sceneLighting":false,"audioPlay":false,"sceneViewState":{"showFog":true,"showMaterialUpdate":false,"showSkybox":false,"showFlares":true,"showImageEffects":true,"showParticleSystems":true},"in2DMode":false,"pivot":{"x":-0.11014726758003235,"y":-3.769359588623047,"z":5.047211647033691},"rotation":{"x":-0.38186386227607729,"y":0.004702726379036903,"z":-0.001967452233657241,"w":-0.9242245554924011},"size":5.05277681350708,"orthographic":false}