{"cameraMode":{"drawMode":0,"name":"Shaded","section":"Shading Mode"},"sceneLighting":false,"audioPlay":false,"sceneViewState":{"showFog":true,"showMaterialUpdate":false,"showSkybox":false,"showFlares":true,"showImageEffects":true,"showParticleSystems":true},"in2DMode":false,"pivot":{"x":-4.131056785583496,"y":-4.1276164054870609,"z":3.248605489730835},"rotation":{"x":-0.3128446340560913,"y":0.3835751414299011,"z":-0.13995325565338136,"w":-0.8575741648674011},"size":5.05277681350708,"orthographic":false}